,ROUGE-1,ROUGE-2,ROUGE-L,BLEU,BERTScore-F1
BART-base,0.025549982826576362,0.0007005494505494505,0.024535153396879446,0.0,0.8060806228518486
T5-small,0.013258848811483748,0.00015384615384615385,0.012841066277689637,0.0,0.7756426520943641
FLAN-T5-base,0.12888982683982692,0.017,0.12700292207792213,0.018880014963737757,0.8636617757678032
